,pred_years,pred_years_sc,rook_labels,rook_labels_facet,med_count,lwr_count,upr_count,sample_size_rook,position_label_x,position_label_y,position_label_sub,lon,lat
193,1977,-0.01894186,10. Cantiles,Isla Cantiles,3243.554761,2506.431804,4254.682478,6,2017,3800,3300,-113.444638,29.503114
1,1977,-0.01894186,12. Consag,Isla Consag,662.1332688,498.6443673,890.6236137,3,2017,1525,1375,-114.464047,31.106819
529,1977,-0.01894186,2. Farallon,Isla Farallon,1088.534506,828.588275,1447.390881,5,2017,1200,1050,-109.377865,25.43687
145,1977,-0.01894186,9. Granito,Isla Granito,2202.14145,1695.402112,2895.580315,5,2017,3250,2850,-113.539447,29.564582
97,1977,-0.01894186,11. Lobos,Isla Lobos,5465.30693,4193.810746,7217.388306,3,2017,7000,6200,-114.488932,30.051106
577,1977,-0.01894186,1. Los Islotes,Los Islotes,251.3491108,193.5141649,331.080514,24,1987,1000,890,-110.402151,24.598754
241,1977,-0.01894186,8. Machos,Isla Machos,2705.732548,2084.3935,3565.183679,5,2017,3100,2750,-113.502043,29.29563
289,1977,-0.01894186,7. Partido,Isla Partido,1803.020294,1390.260282,2373.314681,4,2017,2100,1750,-113.043436,28.911436
337,1977,-0.01894186,6. Rasito,Isla Rasito,642.98969,489.7373876,857.6518495,5,2017,1000,900,-112.99913,28.836598
433,1977,-0.01894186,4. S.P. Martir,Isla S.P. Martir,3084.258693,2375.72175,4041.226423,5,2017,4000,3500,-112.308375,28.381027
481,1977,-0.01894186,3. S.P. Nolasco,Isla S.P. Nolasco,1698.317717,1311.270294,2226.948782,8,2017,2250,1950,-111.378241,27.966011
385,1977,-0.01894186,5. San Esteban,Isla San Esteban,6701.387559,5171.695843,8754.067556,5,2017,12500,11000,-112.577367,28.701134
49,1977,-0.01894186,13. San Jorge,Isla San Jorge,5395.438778,4182.622311,7064.05149,8,2017,12500,11000,-113.244203,31.012669
194,1978,-0.01794186,10. Cantiles,Isla Cantiles,3183.801494,2463.092659,4174.011736,6,2017,3800,3300,-113.444638,29.503114
2,1978,-0.01794186,12. Consag,Isla Consag,710.1872807,537.3771583,950.3543911,3,2017,1525,1375,-114.464047,31.106819
530,1978,-0.01794186,2. Farallon,Isla Farallon,1063.964894,814.6690704,1407.452885,5,2017,1200,1050,-109.377865,25.43687
146,1978,-0.01794186,9. Granito,Isla Granito,2272.781599,1753.433487,2984.151211,5,2017,3250,2850,-113.539447,29.564582
98,1978,-0.01794186,11. Lobos,Isla Lobos,5587.338572,4303.226466,7353.113205,3,2017,7000,6200,-114.488932,30.051106
578,1978,-0.01794186,1. Los Islotes,Los Islotes,265.9065971,205.2390458,349.493601,24,1987,1000,890,-110.402151,24.598754
242,1978,-0.01794186,8. Machos,Isla Machos,2683.297637,2068.82897,3527.587439,5,2017,3100,2750,-113.502043,29.29563
290,1978,-0.01794186,7. Partido,Isla Partido,1804.212192,1391.466025,2371.00874,4,2017,2100,1750,-113.043436,28.911436
338,1978,-0.01794186,6. Rasito,Isla Rasito,665.0196158,507.8490533,883.2746282,5,2017,1000,900,-112.99913,28.836598
434,1978,-0.01794186,4. S.P. Martir,Isla S.P. Martir,3125.059948,2409.739699,4090.51115,5,2017,4000,3500,-112.308375,28.381027
482,1978,-0.01794186,3. S.P. Nolasco,Isla S.P. Nolasco,1726.581264,1334.142824,2263.90469,8,2017,2250,1950,-111.378241,27.966011
386,1978,-0.01794186,5. San Esteban,Isla San Esteban,7017.224146,5419.367467,9171.343231,5,2017,12500,11000,-112.577367,28.701134
50,1978,-0.01794186,13. San Jorge,Isla San Jorge,5818.27096,4509.304164,7616.985065,8,2017,12500,11000,-113.244203,31.012669
195,1979,-0.01694186,10. Cantiles,Isla Cantiles,3120.661222,2416.243061,4087.636389,6,2017,3800,3300,-113.444638,29.503114
3,1979,-0.01694186,12. Consag,Isla Consag,758.6445178,576.4589275,1012.579631,3,2017,1525,1375,-114.464047,31.106819
531,1979,-0.01694186,2. Farallon,Isla Farallon,1040.221678,800.5504624,1369.497539,5,2017,1200,1050,-109.377865,25.43687
147,1979,-0.01694186,9. Granito,Isla Granito,2339.642601,1807.215678,3068.500267,5,2017,3250,2850,-113.539447,29.564582
99,1979,-0.01694186,11. Lobos,Isla Lobos,5695.479596,4396.225325,7480.279005,3,2017,7000,6200,-114.488932,30.051106
579,1979,-0.01694186,1. Los Islotes,Los Islotes,280.9370217,217.0087247,369.2273835,24,1987,1000,890,-110.402151,24.598754
243,1979,-0.01694186,8. Machos,Isla Machos,2656.914538,2050.703359,3488.289756,5,2017,3100,2750,-113.502043,29.29563
291,1979,-0.01694186,7. Partido,Isla Partido,1801.345202,1390.309686,2365.818448,4,2017,2100,1750,-113.043436,28.911436
339,1979,-0.01694186,6. Rasito,Isla Rasito,685.7660333,525.2487999,908.3408116,5,2017,1000,900,-112.99913,28.836598
435,1979,-0.01694186,4. S.P. Martir,Isla S.P. Martir,3158.132067,2440.204939,4134.307824,5,2017,4000,3500,-112.308375,28.381027
483,1979,-0.01694186,3. S.P. Nolasco,Isla S.P. Nolasco,1751.496157,1354.443614,2294.357921,8,2017,2250,1950,-111.378241,27.966011
387,1979,-0.01694186,5. San Esteban,Isla San Esteban,7328.589555,5666.29341,9583.537894,5,2017,12500,11000,-112.577367,28.701134
51,1979,-0.01694186,13. San Jorge,Isla San Jorge,6245.769191,4837.938309,8171.015283,8,2017,12500,11000,-113.244203,31.012669
196,1980,-0.01594186,10. Cantiles,Isla Cantiles,3055.019743,2366.828063,4004.082559,6,2017,3800,3300,-113.444638,29.503114
4,1980,-0.01594186,12. Consag,Isla Consag,807.2804455,614.5246413,1074.566787,3,2017,1525,1375,-114.464047,31.106819
532,1980,-0.01594186,2. Farallon,Isla Farallon,1016.87536,784.3983786,1337.408101,5,2017,1200,1050,-109.377865,25.43687
148,1980,-0.01594186,9. Granito,Isla Granito,2401.626409,1856.534021,3147.346242,5,2017,3250,2850,-113.539447,29.564582
100,1980,-0.01594186,11. Lobos,Isla Lobos,5790.684841,4480.658289,7596.420146,3,2017,7000,6200,-114.488932,30.051106
580,1980,-0.01594186,1. Los Islotes,Los Islotes,296.4474987,229.3531058,389.4935618,24,1987,1000,890,-110.402151,24.598754
244,1980,-0.01594186,8. Machos,Isla Machos,2628.320252,2030.830439,3447.707627,5,2017,3100,2750,-113.502043,29.29563
292,1980,-0.01594186,7. Partido,Isla Partido,1795.64335,1385.119221,2356.742568,4,2017,2100,1750,-113.043436,28.911436
340,1980,-0.01594186,6. Rasito,Isla Rasito,704.8616061,541.4082016,932.2794971,5,2017,1000,900,-112.99913,28.836598
436,1980,-0.01594186,4. S.P. Martir,Isla S.P. Martir,3186.697069,2464.736193,4168.538731,5,2017,4000,3500,-112.308375,28.381027
484,1980,-0.01594186,3. S.P. Nolasco,Isla S.P. Nolasco,1773.047602,1373.076414,2324.078171,8,2017,2250,1950,-111.378241,27.966011
388,1980,-0.01594186,5. San Esteban,Isla San Esteban,7635.560124,5905.586051,9981.922548,5,2017,12500,11000,-112.577367,28.701134
52,1980,-0.01594186,13. San Jorge,Isla San Jorge,6672.71933,5166.709698,8722.198896,8,2017,12500,11000,-113.244203,31.012669
197,1981,-0.01494186,10. Cantiles,Isla Cantiles,2988.410241,2315.410832,3913.49209,6,2017,3800,3300,-113.444638,29.503114
5,1981,-0.01494186,12. Consag,Isla Consag,854.8350784,652.8579337,1136.049462,3,2017,1525,1375,-114.464047,31.106819
533,1981,-0.01494186,2. Farallon,Isla Farallon,994.5661657,767.4677575,1306.0623,5,2017,1200,1050,-109.377865,25.43687
149,1981,-0.01494186,9. Granito,Isla Granito,2459.484834,1902.841784,3221.101212,5,2017,3250,2850,-113.539447,29.564582
101,1981,-0.01494186,11. Lobos,Isla Lobos,5870.407898,4543.358892,7694.574298,3,2017,7000,6200,-114.488932,30.051106
581,1981,-0.01494186,1. Los Islotes,Los Islotes,312.267619,241.6467949,410.0607914,24,1987,1000,890,-110.402151,24.598754
245,1981,-0.01494186,8. Machos,Isla Machos,2597.816903,2009.56148,3404.236807,5,2017,3100,2750,-113.502043,29.29563
293,1981,-0.01494186,7. Partido,Isla Partido,1787.177666,1379.583571,2345.117968,4,2017,2100,1750,-113.043436,28.911436
341,1981,-0.01494186,6. Rasito,Isla Rasito,722.9405767,555.88899,954.413217,5,2017,1000,900,-112.99913,28.836598
437,1981,-0.01494186,4. S.P. Martir,Isla S.P. Martir,3209.498924,2484.035324,4195.520892,5,2017,4000,3500,-112.308375,28.381027
485,1981,-0.01494186,3. S.P. Nolasco,Isla S.P. Nolasco,1792.209885,1388.358908,2348.918804,8,2017,2250,1950,-111.378241,27.966011
389,1981,-0.01494186,5. San Esteban,Isla San Esteban,7936.589052,6140.084767,10370.41104,5,2017,12500,11000,-112.577367,28.701134
53,1981,-0.01494186,13. San Jorge,Isla San Jorge,7093.084199,5490.247456,9272.588933,8,2017,12500,11000,-113.244203,31.012669
198,1982,-0.01394186,10. Cantiles,Isla Cantiles,2917.618529,2261.613424,3823.592821,6,2017,3800,3300,-113.444638,29.503114
6,1982,-0.01394186,12. Consag,Isla Consag,901.8555817,690.0997914,1195.858391,3,2017,1525,1375,-114.464047,31.106819
534,1982,-0.01394186,2. Farallon,Isla Farallon,972.417025,750.933097,1276.887006,5,2017,1200,1050,-109.377865,25.43687
150,1982,-0.01394186,9. Granito,Isla Granito,2512.831669,1944.756652,3288.808933,5,2017,3250,2850,-113.539447,29.564582
102,1982,-0.01394186,11. Lobos,Isla Lobos,5932.438639,4596.199307,7771.843529,3,2017,7000,6200,-114.488932,30.051106
582,1982,-0.01394186,1. Los Islotes,Los Islotes,328.6330359,254.3562936,431.3558912,24,1987,1000,890,-110.402151,24.598754
246,1982,-0.01394186,8. Machos,Isla Machos,2563.884639,1986.139858,3360.213362,5,2017,3100,2750,-113.502043,29.29563
294,1982,-0.01394186,7. Partido,Isla Partido,1776.590649,1371.35372,2331.890414,4,2017,2100,1750,-113.043436,28.911436
342,1982,-0.01394186,6. Rasito,Isla Rasito,739.1657955,569.1391862,973.3820293,5,2017,1000,900,-112.99913,28.836598
438,1982,-0.01394186,4. S.P. Martir,Isla S.P. Martir,3226.052555,2499.190903,4217.961339,5,2017,4000,3500,-112.308375,28.381027
486,1982,-0.01394186,3. S.P. Nolasco,Isla S.P. Nolasco,1807.421386,1401.481968,2367.67767,8,2017,2250,1950,-111.378241,27.966011
390,1982,-0.01394186,5. San Esteban,Isla San Esteban,8228.297196,6371.157984,10753.63897,5,2017,12500,11000,-112.577367,28.701134
54,1982,-0.01394186,13. San Jorge,Isla San Jorge,7502.745198,5810.384223,9811.285954,8,2017,12500,11000,-113.244203,31.012669
199,1983,-0.01294186,10. Cantiles,Isla Cantiles,2845.818434,2205.246489,3727.922219,6,2017,3800,3300,-113.444638,29.503114
7,1983,-0.01294186,12. Consag,Isla Consag,948.0275445,726.4892871,1255.397941,3,2017,1525,1375,-114.464047,31.106819
535,1983,-0.01294186,2. Farallon,Isla Farallon,950.6340933,733.9434293,1248.844726,5,2017,1200,1050,-109.377865,25.43687
151,1983,-0.01294186,9. Granito,Isla Granito,2560.729505,1979.588014,3349.320124,5,2017,3250,2850,-113.539447,29.564582
103,1983,-0.01294186,11. Lobos,Isla Lobos,5979.151927,4630.759009,7825.45395,3,2017,7000,6200,-114.488932,30.051106
583,1983,-0.01294186,1. Los Islotes,Los Islotes,345.3784865,267.3272732,453.2593979,24,1987,1000,890,-110.402151,24.598754
247,1983,-0.01294186,8. Machos,Isla Machos,2528.059809,1958.068644,3309.913632,5,2017,3100,2750,-113.502043,29.29563
295,1983,-0.01294186,7. Partido,Isla Partido,1762.316526,1359.037401,2313.334799,4,2017,2100,1750,-113.043436,28.911436
343,1983,-0.01294186,6. Rasito,Isla Rasito,754.1555438,581.079066,992.6776422,5,2017,1000,900,-112.99913,28.836598
439,1983,-0.01294186,4. S.P. Martir,Isla S.P. Martir,3234.655965,2507.259534,4230.125111,5,2017,4000,3500,-112.308375,28.381027
487,1983,-0.01294186,3. S.P. Nolasco,Isla S.P. Nolasco,1819.719281,1410.950091,2382.957353,8,2017,2250,1950,-111.378241,27.966011
391,1983,-0.01294186,5. San Esteban,Isla San Esteban,8505.417494,6585.615285,11119.86127,5,2017,12500,11000,-112.577367,28.701134
55,1983,-0.01294186,13. San Jorge,Isla San Jorge,7899.094213,6114.546727,10331.28036,8,2017,12500,11000,-113.244203,31.012669
200,1984,-0.01194186,10. Cantiles,Isla Cantiles,2772.414206,2148.567455,3631.375307,6,2017,3800,3300,-113.444638,29.503114
8,1984,-0.01194186,12. Consag,Isla Consag,992.8040863,760.3453436,1313.339351,3,2017,1525,1375,-114.464047,31.106819
536,1984,-0.01194186,2. Farallon,Isla Farallon,929.5777208,716.3537645,1223.772229,5,2017,1200,1050,-109.377865,25.43687
152,1984,-0.01194186,9. Granito,Isla Granito,2601.273072,2010.490178,3398.972783,5,2017,3250,2850,-113.539447,29.564582
104,1984,-0.01194186,11. Lobos,Isla Lobos,6007.467967,4654.442194,7864.100284,3,2017,7000,6200,-114.488932,30.051106
584,1984,-0.01194186,1. Los Islotes,Los Islotes,362.4169507,280.5592263,475.6173522,24,1987,1000,890,-110.402151,24.598754
248,1984,-0.01194186,8. Machos,Isla Machos,2489.993604,1927.698027,3257.674545,5,2017,3100,2750,-113.502043,29.29563
296,1984,-0.01194186,7. Partido,Isla Partido,1744.188245,1346.283191,2290.260116,4,2017,2100,1750,-113.043436,28.911436
344,1984,-0.01194186,6. Rasito,Isla Rasito,767.0624147,591.3065455,1007.718943,5,2017,1000,900,-112.99913,28.836598
440,1984,-0.01194186,4. S.P. Martir,Isla S.P. Martir,3239.297281,2509.39906,4235.733578,5,2017,4000,3500,-112.308375,28.381027
488,1984,-0.01194186,3. S.P. Nolasco,Isla S.P. Nolasco,1828.85565,1418.230013,2393.528586,8,2017,2250,1950,-111.378241,27.966011
392,1984,-0.01194186,5. San Esteban,Isla San Esteban,8769.752747,6793.113955,11466.43371,5,2017,12500,11000,-112.577367,28.701134
56,1984,-0.01194186,13. San Jorge,Isla San Jorge,8274.843991,6404.96316,10819.66201,8,2017,12500,11000,-113.244203,31.012669
201,1985,-0.01094186,10. Cantiles,Isla Cantiles,2697.645375,2089.38071,3532.561792,6,2017,3800,3300,-113.444638,29.503114
9,1985,-0.01094186,12. Consag,Isla Consag,1035.351671,792.4181693,1368.171156,3,2017,1525,1375,-114.464047,31.106819
537,1985,-0.01094186,2. Farallon,Isla Farallon,909.2102742,699.2135666,1201.670622,5,2017,1200,1050,-109.377865,25.43687
153,1985,-0.01094186,9. Granito,Isla Granito,2633.809166,2036.452887,3442.393268,5,2017,3250,2850,-113.539447,29.564582
105,1985,-0.01094186,11. Lobos,Isla Lobos,6016.031766,4661.711781,7877.280074,3,2017,7000,6200,-114.488932,30.051106
585,1985,-0.01094186,1. Los Islotes,Los Islotes,379.8343835,294.1464824,498.192548,24,1987,1000,890,-110.402151,24.598754
249,1985,-0.01094186,8. Machos,Isla Machos,2448.860866,1896.977285,3203.254101,5,2017,3100,2750,-113.502043,29.29563
297,1985,-0.01094186,7. Partido,Isla Partido,1723.622352,1330.078103,2264.487054,4,2017,2100,1750,-113.043436,28.911436
345,1985,-0.01094186,6. Rasito,Isla Rasito,777.8983082,599.4839427,1021.952688,5,2017,1000,900,-112.99913,28.836598
441,1985,-0.01094186,4. S.P. Martir,Isla S.P. Martir,3236.84289,2506.217783,4231.104133,5,2017,4000,3500,-112.308375,28.381027
489,1985,-0.01094186,3. S.P. Nolasco,Isla S.P. Nolasco,1834.276704,1422.740312,2397.942591,8,2017,2250,1950,-111.378241,27.966011
393,1985,-0.01094186,5. San Esteban,Isla San Esteban,9018.2348,6990.76471,11784.78779,5,2017,12500,11000,-112.577367,28.701134
57,1985,-0.01094186,13. San Jorge,Isla San Jorge,8627.910158,6675.878238,11281.08479,8,2017,12500,11000,-113.244203,31.012669
202,1986,-0.00994186,10. Cantiles,Isla Cantiles,2621.18125,2028.806993,3431.377391,6,2017,3800,3300,-113.444638,29.503114
10,1986,-0.00994186,12. Consag,Isla Consag,1074.887706,823.1310568,1419.716638,3,2017,1525,1375,-114.464047,31.106819
538,1986,-0.00994186,2. Farallon,Isla Farallon,888.8427162,682.0196107,1176.932217,5,2017,1200,1050,-109.377865,25.43687
154,1986,-0.00994186,9. Granito,Isla Granito,2660.03908,2058.388057,3475.934489,5,2017,3250,2850,-113.539447,29.564582
106,1986,-0.00994186,11. Lobos,Isla Lobos,6006.296784,4650.666492,7866.407558,3,2017,7000,6200,-114.488932,30.051106
586,1986,-0.00994186,1. Los Islotes,Los Islotes,397.6614819,307.6642008,521.0621926,24,1987,1000,890,-110.402151,24.598754
250,1986,-0.00994186,8. Machos,Isla Machos,2406.352595,1865.275373,3145.126679,5,2017,3100,2750,-113.502043,29.29563
298,1986,-0.00994186,7. Partido,Isla Partido,1700.482153,1311.86841,2236.024607,4,2017,2100,1750,-113.043436,28.911436
346,1986,-0.00994186,6. Rasito,Isla Rasito,786.9863452,606.540318,1033.547751,5,2017,1000,900,-112.99913,28.836598
442,1986,-0.00994186,4. S.P. Martir,Isla S.P. Martir,3228.321729,2499.705153,4219.113618,5,2017,4000,3500,-112.308375,28.381027
490,1986,-0.00994186,3. S.P. Nolasco,Isla S.P. Nolasco,1836.186064,1423.236131,2400.996964,8,2017,2250,1950,-111.378241,27.966011
394,1986,-0.00994186,5. San Esteban,Isla San Esteban,9247.79637,7172.246429,12088.0241,5,2017,12500,11000,-112.577367,28.701134
58,1986,-0.00994186,13. San Jorge,Isla San Jorge,8948.393583,6924.124925,11704.50716,8,2017,12500,11000,-113.244203,31.012669
203,1987,-0.00894186,10. Cantiles,Isla Cantiles,2543.10834,1968.059666,3330.609225,6,2017,3800,3300,-113.444638,29.503114
11,1987,-0.00894186,12. Consag,Isla Consag,1111.398531,850.5048465,1469.186255,3,2017,1525,1375,-114.464047,31.106819
539,1987,-0.00894186,2. Farallon,Isla Farallon,869.134203,664.9696626,1152.597291,5,2017,1200,1050,-109.377865,25.43687
155,1987,-0.00894186,9. Granito,Isla Granito,2679.392195,2073.519316,3501.767175,5,2017,3250,2850,-113.539447,29.564582
107,1987,-0.00894186,11. Lobos,Isla Lobos,5981.775419,4628.459149,7835.386655,3,2017,7000,6200,-114.488932,30.051106
587,1987,-0.00894186,1. Los Islotes,Los Islotes,415.8584495,321.2763718,544.7718014,24,1987,1000,890,-110.402151,24.598754
251,1987,-0.00894186,8. Machos,Isla Machos,2361.040149,1829.86123,3088.890311,5,2017,3100,2750,-113.502043,29.29563
299,1987,-0.00894186,7. Partido,Isla Partido,1674.988044,1291.567907,2201.553508,4,2017,2100,1750,-113.043436,28.911436
347,1987,-0.00894186,6. Rasito,Isla Rasito,793.7447041,610.9355836,1041.477296,5,2017,1000,900,-112.99913,28.836598
443,1987,-0.00894186,4. S.P. Martir,Isla S.P. Martir,3213.393568,2489.236644,4201.912642,5,2017,4000,3500,-112.308375,28.381027
491,1987,-0.00894186,3. S.P. Nolasco,Isla S.P. Nolasco,1834.102316,1421.379507,2397.01023,8,2017,2250,1950,-111.378241,27.966011
395,1987,-0.00894186,5. San Esteban,Isla San Esteban,9461.663468,7336.138842,12363.60111,5,2017,12500,11000,-112.577367,28.701134
59,1987,-0.00894186,13. San Jorge,Isla San Jorge,9238.977002,7150.424658,12085.88983,8,2017,12500,11000,-113.244203,31.012669
204,1988,-0.00794186,10. Cantiles,Isla Cantiles,2464.025602,1907.444158,3227.36722,6,2017,3800,3300,-113.444638,29.503114
12,1988,-0.00794186,12. Consag,Isla Consag,1143.888137,875.7496214,1513.216279,3,2017,1525,1375,-114.464047,31.106819
540,1988,-0.00794186,2. Farallon,Isla Farallon,849.5161055,648.4939505,1131.098609,5,2017,1200,1050,-109.377865,25.43687
156,1988,-0.00794186,9. Granito,Isla Granito,2691.157002,2083.105215,3516.821287,5,2017,3250,2850,-113.539447,29.564582
108,1988,-0.00794186,11. Lobos,Isla Lobos,5941.036816,4595.925938,7777.629864,3,2017,7000,6200,-114.488932,30.051106
588,1988,-0.00794186,1. Los Islotes,Los Islotes,433.9659601,335.1173562,568.9253436,24,1987,1000,890,-110.402151,24.598754
252,1988,-0.00794186,8. Machos,Isla Machos,2314.472277,1793.833959,3025.904443,5,2017,3100,2750,-113.502043,29.29563
300,1988,-0.00794186,7. Partido,Isla Partido,1646.435033,1268.810992,2164.816442,4,2017,2100,1750,-113.043436,28.911436
348,1988,-0.00794186,6. Rasito,Isla Rasito,798.2416955,614.3681973,1047.798594,5,2017,1000,900,-112.99913,28.836598
444,1988,-0.00794186,4. S.P. Martir,Isla S.P. Martir,3192.626842,2473.244041,4172.982548,5,2017,4000,3500,-112.308375,28.381027
492,1988,-0.00794186,3. S.P. Nolasco,Isla S.P. Nolasco,1828.364885,1416.590038,2389.758045,8,2017,2250,1950,-111.378241,27.966011
396,1988,-0.00794186,5. San Esteban,Isla San Esteban,9652.440553,7484.149916,12610.83992,5,2017,12500,11000,-112.577367,28.701134
60,1988,-0.00794186,13. San Jorge,Isla San Jorge,9495.799503,7349.938305,12416.37612,8,2017,12500,11000,-113.244203,31.012669
205,1989,-0.00694186,10. Cantiles,Isla Cantiles,2384.795738,1846.319646,3124.647277,6,2017,3800,3300,-113.444638,29.503114
13,1989,-0.00694186,12. Consag,Isla Consag,1172.821106,897.8620047,1550.782339,3,2017,1525,1375,-114.464047,31.106819
541,1989,-0.00694186,2. Farallon,Isla Farallon,830.377115,632.0589955,1106.969899,5,2017,1200,1050,-109.377865,25.43687
157,1989,-0.00694186,9. Granito,Isla Granito,2696.474547,2086.908358,3523.803305,5,2017,3250,2850,-113.539447,29.564582
109,1989,-0.00694186,11. Lobos,Isla Lobos,5882.597819,4548.319466,7702.568356,3,2017,7000,6200,-114.488932,30.051106
589,1989,-0.00694186,1. Los Islotes,Los Islotes,452.4739916,349.3596129,593.3274775,24,1987,1000,890,-110.402151,24.598754
253,1989,-0.00694186,8. Machos,Isla Machos,2266.445262,1756.607823,2963.396489,5,2017,3100,2750,-113.502043,29.29563
301,1989,-0.00694186,7. Partido,Isla Partido,1615.588626,1244.873026,2125.776143,4,2017,2100,1750,-113.043436,28.911436
349,1989,-0.00694186,6. Rasito,Isla Rasito,800.6962455,616.2551915,1051.630473,5,2017,1000,900,-112.99913,28.836598
445,1989,-0.00694186,4. S.P. Martir,Isla S.P. Martir,3164.706224,2452.629804,4135.448456,5,2017,4000,3500,-112.308375,28.381027
493,1989,-0.00694186,3. S.P. Nolasco,Isla S.P. Nolasco,1818.655284,1408.141412,2378.669605,8,2017,2250,1950,-111.378241,27.966011
397,1989,-0.00694186,5. San Esteban,Isla San Esteban,9821.086646,7613.59644,12837.13047,5,2017,12500,11000,-112.577367,28.701134
61,1989,-0.00694186,13. San Jorge,Isla San Jorge,9712.597804,7518.761905,12697.12184,8,2017,12500,11000,-113.244203,31.012669
206,1990,-0.00594186,10. Cantiles,Isla Cantiles,2305.428538,1784.997748,3019.445627,6,2017,3800,3300,-113.444638,29.503114
14,1990,-0.00594186,12. Consag,Isla Consag,1198.240776,915.7364541,1583.849423,3,2017,1525,1375,-114.464047,31.106819
542,1990,-0.00594186,2. Farallon,Isla Farallon,811.7667657,616.3148461,1083.89971,5,2017,1200,1050,-109.377865,25.43687
158,1990,-0.00594186,9. Granito,Isla Granito,2693.626939,2086.498488,3522.433268,5,2017,3250,2850,-113.539447,29.564582
110,1990,-0.00594186,11. Lobos,Isla Lobos,5804.774923,4487.804488,7606.912756,3,2017,7000,6200,-114.488932,30.051106
590,1990,-0.00594186,1. Los Islotes,Los Islotes,470.9280014,363.3770539,618.0001436,24,1987,1000,890,-110.402151,24.598754
254,1990,-0.00594186,8. Machos,Isla Machos,2216.791374,1717.987494,2899.093682,5,2017,3100,2750,-113.502043,29.29563
302,1990,-0.00594186,7. Partido,Isla Partido,1583.087093,1219.385627,2083.397212,4,2017,2100,1750,-113.043436,28.911436
350,1990,-0.00594186,6. Rasito,Isla Rasito,800.8300382,615.8921989,1052.444029,5,2017,1000,900,-112.99913,28.836598
446,1990,-0.00594186,4. S.P. Martir,Isla S.P. Martir,3131.386816,2427.207461,4092.487669,5,2017,4000,3500,-112.308375,28.381027
494,1990,-0.00594186,3. S.P. Nolasco,Isla S.P. Nolasco,1805.842453,1398.16279,2360.881059,8,2017,2250,1950,-111.378241,27.966011
398,1990,-0.00594186,5. San Esteban,Isla San Esteban,9966.478055,7722.081866,13021.86555,5,2017,12500,11000,-112.577367,28.701134
62,1990,-0.00594186,13. San Jorge,Isla San Jorge,9885.582359,7653.820586,12922.56238,8,2017,12500,11000,-113.244203,31.012669
207,1991,-0.00494186,10. Cantiles,Isla Cantiles,2225.218823,1721.96748,2916.304644,6,2017,3800,3300,-113.444638,29.503114
15,1991,-0.00494186,12. Consag,Isla Consag,1219.208509,930.8167653,1611.194208,3,2017,1525,1375,-114.464047,31.106819
543,1991,-0.00494186,2. Farallon,Isla Farallon,793.5255713,600.4306973,1062.131515,5,2017,1200,1050,-109.377865,25.43687
159,1991,-0.00494186,9. Granito,Isla Granito,2685.434465,2080.023327,3511.663638,5,2017,3250,2850,-113.539447,29.564582
111,1991,-0.00494186,11. Lobos,Isla Lobos,5712.174303,4413.623585,7486.359267,3,2017,7000,6200,-114.488932,30.051106
591,1991,-0.00494186,1. Los Islotes,Los Islotes,489.6098709,377.4386659,642.3888341,24,1987,1000,890,-110.402151,24.598754
255,1991,-0.00494186,8. Machos,Isla Machos,2164.771001,1677.397582,2832.895366,5,2017,3100,2750,-113.502043,29.29563
303,1991,-0.00494186,7. Partido,Isla Partido,1548.246352,1192.90033,2037.239093,4,2017,2100,1750,-113.043436,28.911436
351,1991,-0.00494186,6. Rasito,Isla Rasito,798.8228031,614.3784354,1049.716248,5,2017,1000,900,-112.99913,28.836598
447,1991,-0.00494186,4. S.P. Martir,Isla S.P. Martir,3092.653858,2395.223637,4043.731915,5,2017,4000,3500,-112.308375,28.381027
495,1991,-0.00494186,3. S.P. Nolasco,Isla S.P. Nolasco,1789.208741,1385.310924,2339.872885,8,2017,2250,1950,-111.378241,27.966011
399,1991,-0.00494186,5. San Esteban,Isla San Esteban,10089.81571,7817.209891,13182.08331,5,2017,12500,11000,-112.577367,28.701134
63,1991,-0.00494186,13. San Jorge,Isla San Jorge,10014.82885,7753.92993,13086.53599,8,2017,12500,11000,-113.244203,31.012669
208,1992,-0.00394186,10. Cantiles,Isla Cantiles,2144.706557,1659.533821,2811.025903,6,2017,3800,3300,-113.444638,29.503114
16,1992,-0.00394186,12. Consag,Isla Consag,1234.92165,943.3284893,1632.998916,3,2017,1525,1375,-114.464047,31.106819
544,1992,-0.00394186,2. Farallon,Isla Farallon,775.4458537,585.4399632,1039.651638,5,2017,1200,1050,-109.377865,25.43687
160,1992,-0.00394186,9. Granito,Isla Granito,2669.197513,2066.85899,3489.42554,5,2017,3250,2850,-113.539447,29.564582
112,1992,-0.00394186,11. Lobos,Isla Lobos,5605.598316,4329.787181,7342.471438,3,2017,7000,6200,-114.488932,30.051106
592,1992,-0.00394186,1. Los Islotes,Los Islotes,508.3485491,391.80626,666.8538403,24,1987,1000,890,-110.402151,24.598754
256,1992,-0.00394186,8. Machos,Isla Machos,2112.292542,1637.256269,2762.71939,5,2017,3100,2750,-113.502043,29.29563
304,1992,-0.00394186,7. Partido,Isla Partido,1511.775237,1163.891643,1989.134138,4,2017,2100,1750,-113.043436,28.911436
352,1992,-0.00394186,6. Rasito,Isla Rasito,794.6948432,610.9633463,1044.332764,5,2017,1000,900,-112.99913,28.836598
448,1992,-0.00394186,4. S.P. Martir,Isla S.P. Martir,3047.914004,2360.84198,3987.354426,5,2017,4000,3500,-112.308375,28.381027
496,1992,-0.00394186,3. S.P. Nolasco,Isla S.P. Nolasco,1768.885504,1369.913999,2314.547817,8,2017,2250,1950,-111.378241,27.966011
400,1992,-0.00394186,5. San Esteban,Isla San Esteban,10182.48124,7892.098772,13308.4613,5,2017,12500,11000,-112.577367,28.701134
64,1992,-0.00394186,13. San Jorge,Isla San Jorge,10097.27202,7817.761539,13197.3322,8,2017,12500,11000,-113.244203,31.012669
209,1993,-0.00294186,10. Cantiles,Isla Cantiles,2064.835981,1597.891273,2708.182641,6,2017,3800,3300,-113.444638,29.503114
17,1993,-0.00294186,12. Consag,Isla Consag,1245.504289,950.3032317,1648.261121,3,2017,1525,1375,-114.464047,31.106819
545,1993,-0.00294186,2. Farallon,Isla Farallon,758.1585664,571.055123,1016.980242,5,2017,1200,1050,-109.377865,25.43687
161,1993,-0.00294186,9. Granito,Isla Granito,2646.110722,2047.229696,3458.198154,5,2017,3250,2850,-113.539447,29.564582
113,1993,-0.00294186,11. Lobos,Isla Lobos,5482.985469,4232.097394,7185.849624,3,2017,7000,6200,-114.488932,30.051106
593,1993,-0.00294186,1. Los Islotes,Los Islotes,527.0459531,406.2147701,691.6789556,24,1987,1000,890,-110.402151,24.598754
257,1993,-0.00294186,8. Machos,Isla Machos,2059.152237,1595.516018,2693.479474,5,2017,3100,2750,-113.502043,29.29563
305,1993,-0.00294186,7. Partido,Isla Partido,1473.52242,1133.886871,1937.772963,4,2017,2100,1750,-113.043436,28.911436
353,1993,-0.00294186,6. Rasito,Isla Rasito,788.3232861,605.9929933,1035.485513,5,2017,1000,900,-112.99913,28.836598
449,1993,-0.00294186,4. S.P. Martir,Isla S.P. Martir,2997.791278,2321.907964,3922.246691,5,2017,4000,3500,-112.308375,28.381027
497,1993,-0.00294186,3. S.P. Nolasco,Isla S.P. Nolasco,1745.889766,1351.834622,2284.919387,8,2017,2250,1950,-111.378241,27.966011
401,1993,-0.00294186,5. San Esteban,Isla San Esteban,10248.4701,7942.52868,13397.4748,5,2017,12500,11000,-112.577367,28.701134
65,1993,-0.00294186,13. San Jorge,Isla San Jorge,10129.89678,7844.328281,13237.08739,8,2017,12500,11000,-113.244203,31.012669
210,1994,-0.00194186,10. Cantiles,Isla Cantiles,1986.177212,1536.478582,2604.185375,6,2017,3800,3300,-113.444638,29.503114
18,1994,-0.00194186,12. Consag,Isla Consag,1251.131202,954.3337339,1656.638481,3,2017,1525,1375,-114.464047,31.106819
546,1994,-0.00194186,2. Farallon,Isla Farallon,741.1056224,557.4706577,995.5047253,5,2017,1200,1050,-109.377865,25.43687
162,1994,-0.00194186,9. Granito,Isla Granito,2615.705991,2022.987436,3418.50691,5,2017,3250,2850,-113.539447,29.564582
114,1994,-0.00194186,11. Lobos,Isla Lobos,5348.397143,4124.980506,7012.337542,3,2017,7000,6200,-114.488932,30.051106
594,1994,-0.00194186,1. Los Islotes,Los Islotes,545.6340178,420.4533,716.0562066,24,1987,1000,890,-110.402151,24.598754
258,1994,-0.00194186,8. Machos,Isla Machos,2005.437058,1553.094958,2622.501302,5,2017,3100,2750,-113.502043,29.29563
306,1994,-0.00194186,7. Partido,Isla Partido,1433.537922,1103.500669,1884.643384,4,2017,2100,1750,-113.043436,28.911436
354,1994,-0.00194186,6. Rasito,Isla Rasito,779.9537709,599.4514838,1023.963488,5,2017,1000,900,-112.99913,28.836598
450,1994,-0.00194186,4. S.P. Martir,Isla S.P. Martir,2942.681314,2281.643654,3850.476828,5,2017,4000,3500,-112.308375,28.381027
498,1994,-0.00194186,3. S.P. Nolasco,Isla S.P. Nolasco,1720.370085,1331.425548,2250.580412,8,2017,2250,1950,-111.378241,27.966011
402,1994,-0.00194186,5. San Esteban,Isla San Esteban,10290.39871,7974.40302,13455.84522,5,2017,12500,11000,-112.577367,28.701134
66,1994,-0.00194186,13. San Jorge,Isla San Jorge,10113.12039,7834.048122,13217.46097,8,2017,12500,11000,-113.244203,31.012669
211,1995,-0.00094186,10. Cantiles,Isla Cantiles,1908.108678,1475.029344,2500.930306,6,2017,3800,3300,-113.444638,29.503114
19,1995,-0.00094186,12. Consag,Isla Consag,1251.630446,954.7962284,1658.466652,3,2017,1525,1375,-114.464047,31.106819
547,1995,-0.00094186,2. Farallon,Isla Farallon,724.2899109,544.1513054,973.9954222,5,2017,1200,1050,-109.377865,25.43687
163,1995,-0.00094186,9. Granito,Isla Granito,2579.369804,1993.544651,3370.382989,5,2017,3250,2850,-113.539447,29.564582
115,1995,-0.00094186,11. Lobos,Isla Lobos,5201.747059,4010.097355,6821.418485,3,2017,7000,6200,-114.488932,30.051106
595,1995,-0.00094186,1. Los Islotes,Los Islotes,564.189394,434.6070447,740.4988541,24,1987,1000,890,-110.402151,24.598754
259,1995,-0.00094186,8. Machos,Isla Machos,1950.523842,1510.21469,2550.496705,5,2017,3100,2750,-113.502043,29.29563
307,1995,-0.00094186,7. Partido,Isla Partido,1391.765276,1071.561884,1829.692336,4,2017,2100,1750,-113.043436,28.911436
355,1995,-0.00094186,6. Rasito,Isla Rasito,769.4491389,591.4583524,1010.527064,5,2017,1000,900,-112.99913,28.836598
451,1995,-0.00094186,4. S.P. Martir,Isla S.P. Martir,2883.101395,2234.426138,3772.408536,5,2017,4000,3500,-112.308375,28.381027
499,1995,-0.00094186,3. S.P. Nolasco,Isla S.P. Nolasco,1691.409541,1309.329886,2213.90233,8,2017,2250,1950,-111.378241,27.966011
403,1995,-0.00094186,5. San Esteban,Isla San Esteban,10304.87815,7986.853112,13472.77787,5,2017,12500,11000,-112.577367,28.701134
67,1995,-0.00094186,13. San Jorge,Isla San Jorge,10049.47964,7785.345838,13133.84322,8,2017,12500,11000,-113.244203,31.012669
212,1996,5.81E-05,10. Cantiles,Isla Cantiles,1830.215196,1414.683161,2397.935642,6,2017,3800,3300,-113.444638,29.503114
20,1996,5.81E-05,12. Consag,Isla Consag,1248.200014,951.3520888,1650.91367,3,2017,1525,1375,-114.464047,31.106819
548,1996,5.81E-05,2. Farallon,Isla Farallon,707.4885228,531.4460359,952.4352302,5,2017,1200,1050,-109.377865,25.43687
164,1996,5.81E-05,9. Granito,Isla Granito,2535.440184,1960.109143,3313.856792,5,2017,3250,2850,-113.539447,29.564582
116,1996,5.81E-05,11. Lobos,Isla Lobos,5042.764622,3886.642044,6613.524643,3,2017,7000,6200,-114.488932,30.051106
596,1996,5.81E-05,1. Los Islotes,Los Islotes,582.3990991,448.3662912,764.6297759,24,1987,1000,890,-110.402151,24.598754
260,1996,5.81E-05,8. Machos,Isla Machos,1894.504313,1467.264658,2478.907001,5,2017,3100,2750,-113.502043,29.29563
308,1996,5.81E-05,7. Partido,Isla Partido,1349.522328,1038.640674,1773.282168,4,2017,2100,1750,-113.043436,28.911436
356,1996,5.81E-05,6. Rasito,Isla Rasito,756.8078643,581.781104,994.5035621,5,2017,1000,900,-112.99913,28.836598
452,1996,5.81E-05,4. S.P. Martir,Isla S.P. Martir,2819.097206,2185.569741,3689.698864,5,2017,4000,3500,-112.308375,28.381027
500,1996,5.81E-05,3. S.P. Nolasco,Isla S.P. Nolasco,1659.872834,1284.427563,2172.744296,8,2017,2250,1950,-111.378241,27.966011
404,1996,5.81E-05,5. San Esteban,Isla San Esteban,10294.13854,7977.02993,13458.86026,5,2017,12500,11000,-112.577367,28.701134
68,1996,5.81E-05,13. San Jorge,Isla San Jorge,9937.796023,7699.277447,12986.29887,8,2017,12500,11000,-113.244203,31.012669
213,1997,0.00105814,10. Cantiles,Isla Cantiles,1754.110382,1354.978838,2296.341534,6,2017,3800,3300,-113.444638,29.503114
21,1997,0.00105814,12. Consag,Isla Consag,1238.736343,943.7675288,1636.525853,3,2017,1525,1375,-114.464047,31.106819
549,1997,0.00105814,2. Farallon,Isla Farallon,691.4807211,518.9750375,931.0386752,5,2017,1200,1050,-109.377865,25.43687
165,1997,0.00105814,9. Granito,Isla Granito,2485.865703,1921.263028,3250.537015,5,2017,3250,2850,-113.539447,29.564582
117,1997,0.00105814,11. Lobos,Isla Lobos,4875.217925,3756.161183,6393.196698,3,2017,7000,6200,-114.488932,30.051106
597,1997,0.00105814,1. Los Islotes,Los Islotes,600.5843925,462.3034954,788.4789019,24,1987,1000,890,-110.402151,24.598754
261,1997,0.00105814,8. Machos,Isla Machos,1838.724356,1423.944817,2404.766206,5,2017,3100,2750,-113.502043,29.29563
309,1997,0.00105814,7. Partido,Isla Partido,1306.094438,1005.049503,1717.08019,4,2017,2100,1750,-113.043436,28.911436
357,1997,0.00105814,6. Rasito,Isla Rasito,742.9197775,570.8495833,975.9298195,5,2017,1000,900,-112.99913,28.836598
453,1997,0.00105814,4. S.P. Martir,Isla S.P. Martir,2752.037027,2132.203999,3602.570126,5,2017,4000,3500,-112.308375,28.381027
501,1997,0.00105814,3. S.P. Nolasco,Isla S.P. Nolasco,1625.498903,1257.397858,2128.680112,8,2017,2250,1950,-111.378241,27.966011
405,1997,0.00105814,5. San Esteban,Isla San Esteban,10252.64503,7946.753628,13404.02949,5,2017,12500,11000,-112.577367,28.701134
69,1997,0.00105814,13. San Jorge,Isla San Jorge,9778.671498,7578.163983,12780.86022,8,2017,12500,11000,-113.244203,31.012669
214,1998,0.00205814,10. Cantiles,Isla Cantiles,1678.41758,1296.243951,2196.25098,6,2017,3800,3300,-113.444638,29.503114
22,1998,0.00205814,12. Consag,Isla Consag,1224.064149,932.7658336,1617.325163,3,2017,1525,1375,-114.464047,31.106819
550,1998,0.00205814,2. Farallon,Isla Farallon,675.559425,506.9735818,908.9245898,5,2017,1200,1050,-109.377865,25.43687
166,1998,0.00205814,9. Granito,Isla Granito,2431.304962,1879.309814,3177.394632,5,2017,3250,2850,-113.539447,29.564582
118,1998,0.00205814,11. Lobos,Isla Lobos,4699.418125,3620.710385,6162.101077,3,2017,7000,6200,-114.488932,30.051106
598,1998,0.00205814,1. Los Islotes,Los Islotes,618.3711086,476.1870302,811.6217471,24,1987,1000,890,-110.402151,24.598754
262,1998,0.00205814,8. Machos,Isla Machos,1782.131332,1379.606971,2333.007176,5,2017,3100,2750,-113.502043,29.29563
310,1998,0.00205814,7. Partido,Isla Partido,1261.913618,970.8848331,1657.814286,4,2017,2100,1750,-113.043436,28.911436
358,1998,0.00205814,6. Rasito,Isla Rasito,726.704807,558.6301551,954.8480589,5,2017,1000,900,-112.99913,28.836598
454,1998,0.00205814,4. S.P. Martir,Isla S.P. Martir,2680.559505,2077.348461,3509.250491,5,2017,4000,3500,-112.308375,28.381027
502,1998,0.00205814,3. S.P. Nolasco,Isla S.P. Nolasco,1588.683942,1229.019212,2081.239785,8,2017,2250,1950,-111.378241,27.966011
406,1998,0.00205814,5. San Esteban,Isla San Esteban,10183.09918,7895.089781,13318.38506,5,2017,12500,11000,-112.577367,28.701134
70,1998,0.00205814,13. San Jorge,Isla San Jorge,9577.440273,7419.345863,12519.87454,8,2017,12500,11000,-113.244203,31.012669
215,1999,0.00305814,10. Cantiles,Isla Cantiles,1603.396346,1238.300273,2098.416947,6,2017,3800,3300,-113.444638,29.503114
23,1999,0.00305814,12. Consag,Isla Consag,1204.729442,919.087573,1590.66998,3,2017,1525,1375,-114.464047,31.106819
551,1999,0.00305814,2. Farallon,Isla Farallon,659.9230637,495.3764171,887.3247053,5,2017,1200,1050,-109.377865,25.43687
167,1999,0.00305814,9. Granito,Isla Granito,2370.950224,1832.998926,3098.858089,5,2017,3250,2850,-113.539447,29.564582
119,1999,0.00305814,11. Lobos,Isla Lobos,4515.836178,3479.21222,5919.843459,3,2017,7000,6200,-114.488932,30.051106
599,1999,0.00305814,1. Los Islotes,Los Islotes,635.7972261,489.9952169,834.7643348,24,1987,1000,890,-110.402151,24.598754
263,1999,0.00305814,8. Machos,Isla Machos,1726.008668,1335.582844,2260.486253,5,2017,3100,2750,-113.502043,29.29563
311,1999,0.00305814,7. Partido,Isla Partido,1216.909669,936.8531394,1598.062306,4,2017,2100,1750,-113.043436,28.911436
359,1999,0.00305814,6. Rasito,Isla Rasito,708.8231268,544.5477013,931.7214117,5,2017,1000,900,-112.99913,28.836598
455,1999,0.00305814,4. S.P. Martir,Isla S.P. Martir,2605.803759,2020.138513,3411.352066,5,2017,4000,3500,-112.308375,28.381027
503,1999,0.00305814,3. S.P. Nolasco,Isla S.P. Nolasco,1549.466305,1198.052311,2030.192069,8,2017,2250,1950,-111.378241,27.966011
407,1999,0.00305814,5. San Esteban,Isla San Esteban,10089.34086,7819.506391,13193.20964,5,2017,12500,11000,-112.577367,28.701134
71,1999,0.00305814,13. San Jorge,Isla San Jorge,9334.518288,7231.307327,12205.58995,8,2017,12500,11000,-113.244203,31.012669
216,2000,0.00405814,10. Cantiles,Isla Cantiles,1529.757411,1181.282377,2002.49202,6,2017,3800,3300,-113.444638,29.503114
24,2000,0.00405814,12. Consag,Isla Consag,1180.634892,901.2296638,1558.974711,3,2017,1525,1375,-114.464047,31.106819
552,2000,0.00405814,2. Farallon,Isla Farallon,644.5545721,483.7097668,866.4517101,5,2017,1200,1050,-109.377865,25.43687
168,2000,0.00405814,9. Granito,Isla Granito,2306.271676,1783.200545,3012.853849,5,2017,3250,2850,-113.539447,29.564582
120,2000,0.00405814,11. Lobos,Isla Lobos,4325.889848,3331.7813,5671.341229,3,2017,7000,6200,-114.488932,30.051106
600,2000,0.00405814,1. Los Islotes,Los Islotes,653.0327301,502.7951577,857.2603136,24,1987,1000,890,-110.402151,24.598754
264,2000,0.00405814,8. Machos,Isla Machos,1669.229078,1291.648523,2184.905621,5,2017,3100,2750,-113.502043,29.29563
312,2000,0.00405814,7. Partido,Isla Partido,1171.39494,901.8590439,1538.031009,4,2017,2100,1750,-113.043436,28.911436
360,2000,0.00405814,6. Rasito,Isla Rasito,689.4665497,530.3178775,907.1604647,5,2017,1000,900,-112.99913,28.836598
456,2000,0.00405814,4. S.P. Martir,Isla S.P. Martir,2528.719804,1960.135313,3311.21563,5,2017,4000,3500,-112.308375,28.381027
504,2000,0.00405814,3. S.P. Nolasco,Isla S.P. Nolasco,1508.029954,1166.50355,1977.592112,8,2017,2250,1950,-111.378241,27.966011
408,2000,0.00405814,5. San Esteban,Isla San Esteban,9969.323092,7725.778707,13034.07085,5,2017,12500,11000,-112.577367,28.701134
72,2000,0.00405814,13. San Jorge,Isla San Jorge,9055.059226,7015.350014,11844.46352,8,2017,12500,11000,-113.244203,31.012669
217,2001,0.00505814,10. Cantiles,Isla Cantiles,1457.345275,1125.267373,1908.233927,6,2017,3800,3300,-113.444638,29.503114
25,2001,0.00505814,12. Consag,Isla Consag,1153.309646,879.9870684,1520.885978,3,2017,1525,1375,-114.464047,31.106819
553,2001,0.00505814,2. Farallon,Isla Farallon,629.4650439,472.9274961,845.2035229,5,2017,1200,1050,-109.377865,25.43687
169,2001,0.00505814,9. Granito,Isla Granito,2236.878166,1729.013366,2922.942133,5,2017,3250,2850,-113.539447,29.564582
121,2001,0.00505814,11. Lobos,Isla Lobos,4132.541928,3183.374526,5417.468475,3,2017,7000,6200,-114.488932,30.051106
601,2001,0.00505814,1. Los Islotes,Los Islotes,669.688618,515.4563897,878.2343976,24,1987,1000,890,-110.402151,24.598754
265,2001,0.00505814,8. Machos,Isla Machos,1612.309677,1247.118502,2110.74625,5,2017,3100,2750,-113.502043,29.29563
313,2001,0.00505814,7. Partido,Isla Partido,1125.137094,866.291856,1478.278937,4,2017,2100,1750,-113.043436,28.911436
361,2001,0.00505814,6. Rasito,Isla Rasito,668.7536442,514.3862771,879.2259556,5,2017,1000,900,-112.99913,28.836598
457,2001,0.00505814,4. S.P. Martir,Isla S.P. Martir,2448.088859,1898.573143,3206.028023,5,2017,4000,3500,-112.308375,28.381027
505,2001,0.00505814,3. S.P. Nolasco,Isla S.P. Nolasco,1465.249156,1132.635358,1921.076066,8,2017,2250,1950,-111.378241,27.966011
409,2001,0.00505814,5. San Esteban,Isla San Esteban,9824.451566,7613.52428,12841.4658,5,2017,12500,11000,-112.577367,28.701134
73,2001,0.00505814,13. San Jorge,Isla San Jorge,8742.682238,6771.822841,11433.56101,8,2017,12500,11000,-113.244203,31.012669
218,2002,0.00605814,10. Cantiles,Isla Cantiles,1387.062709,1070.82874,1815.552726,6,2017,3800,3300,-113.444638,29.503114
26,2002,0.00605814,12. Consag,Isla Consag,1121.553309,856.2311285,1476.647102,3,2017,1525,1375,-114.464047,31.106819
554,2002,0.00605814,2. Farallon,Isla Farallon,614.4199417,462.629164,824.7636216,5,2017,1200,1050,-109.377865,25.43687
170,2002,0.00605814,9. Granito,Isla Granito,2162.801729,1671.901699,2827.822748,5,2017,3250,2850,-113.539447,29.564582
122,2002,0.00605814,11. Lobos,Isla Lobos,3936.460953,3032.677664,5161.120821,3,2017,7000,6200,-114.488932,30.051106
602,2002,0.00605814,1. Los Islotes,Los Islotes,685.7343042,527.8031138,899.0873747,24,1987,1000,890,-110.402151,24.598754
266,2002,0.00605814,8. Machos,Isla Machos,1555.90555,1203.212915,2036.547058,5,2017,3100,2750,-113.502043,29.29563
314,2002,0.00605814,7. Partido,Isla Partido,1079.074012,831.4828481,1418.711687,4,2017,2100,1750,-113.043436,28.911436
362,2002,0.00605814,6. Rasito,Isla Rasito,647.1475834,497.8677034,851.1228087,5,2017,1000,900,-112.99913,28.836598
458,2002,0.00605814,4. S.P. Martir,Isla S.P. Martir,2365.752252,1834.049747,3097.625521,5,2017,4000,3500,-112.308375,28.381027
506,2002,0.00605814,3. S.P. Nolasco,Isla S.P. Nolasco,1420.460392,1098.709726,1864.419958,8,2017,2250,1950,-111.378241,27.966011
410,2002,0.00605814,5. San Esteban,Isla San Esteban,9658.888429,7480.865095,12619.67464,5,2017,12500,11000,-112.577367,28.701134
74,2002,0.00605814,13. San Jorge,Isla San Jorge,8398.930033,6506.842272,10983.30419,8,2017,12500,11000,-113.244203,31.012669
219,2003,0.00705814,10. Cantiles,Isla Cantiles,1318.252701,1017.683528,1725.032458,6,2017,3800,3300,-113.444638,29.503114
27,2003,0.00705814,12. Consag,Isla Consag,1085.882952,829.13773,1430.312496,3,2017,1525,1375,-114.464047,31.106819
555,2003,0.00705814,2. Farallon,Isla Farallon,600.1745221,452.7013891,803.7062096,5,2017,1200,1050,-109.377865,25.43687
171,2003,0.00705814,9. Granito,Isla Granito,2086.212784,1612.816244,2730.08126,5,2017,3250,2850,-113.539447,29.564582
123,2003,0.00705814,11. Lobos,Isla Lobos,3737.940974,2881.112463,4898.886527,3,2017,7000,6200,-114.488932,30.051106
603,2003,0.00705814,1. Los Islotes,Los Islotes,701.313035,539.8896073,919.4167493,24,1987,1000,890,-110.402151,24.598754
267,2003,0.00705814,8. Machos,Isla Machos,1499.089228,1159.221895,1963.078522,5,2017,3100,2750,-113.502043,29.29563
315,2003,0.00705814,7. Partido,Isla Partido,1033.381106,795.8954215,1358.948347,4,2017,2100,1750,-113.043436,28.911436
363,2003,0.00705814,6. Rasito,Isla Rasito,624.5794491,479.8377541,821.6858622,5,2017,1000,900,-112.99913,28.836598
459,2003,0.00705814,4. S.P. Martir,Isla S.P. Martir,2282.108716,1768.65116,2988.247149,5,2017,4000,3500,-112.308375,28.381027
507,2003,0.00705814,3. S.P. Nolasco,Isla S.P. Nolasco,1374.841691,1062.947538,1804.605667,8,2017,2250,1950,-111.378241,27.966011
411,2003,0.00705814,5. San Esteban,Isla San Esteban,9470.113199,7332.919992,12377.77011,5,2017,12500,11000,-112.577367,28.701134
75,2003,0.00705814,13. San Jorge,Isla San Jorge,8031.62338,6219.997717,10503.50675,8,2017,12500,11000,-113.244203,31.012669
220,2004,0.00805814,10. Cantiles,Isla Cantiles,1251.721725,965.5430566,1638.524422,6,2017,3800,3300,-113.444638,29.503114
28,2004,0.00805814,12. Consag,Isla Consag,1046.563676,800.0662833,1377.431957,3,2017,1525,1375,-114.464047,31.106819
556,2004,0.00805814,2. Farallon,Isla Farallon,586.6205324,443.0157995,782.7237196,5,2017,1200,1050,-109.377865,25.43687
172,2004,0.00805814,9. Granito,Isla Granito,2007.13907,1551.909509,2625.964298,5,2017,3250,2850,-113.539447,29.564582
124,2004,0.00805814,11. Lobos,Isla Lobos,3539.346808,2728.754254,4637.7419,3,2017,7000,6200,-114.488932,30.051106
604,2004,0.00805814,1. Los Islotes,Los Islotes,716.270654,551.7793448,938.0330947,24,1987,1000,890,-110.402151,24.598754
268,2004,0.00805814,8. Machos,Isla Machos,1442.950979,1116.30295,1890.469205,5,2017,3100,2750,-113.502043,29.29563
316,2004,0.00805814,7. Partido,Isla Partido,988.0907636,761.0500902,1299.10249,4,2017,2100,1750,-113.043436,28.911436
364,2004,0.00805814,6. Rasito,Isla Rasito,601.1376978,461.438834,791.0575932,5,2017,1000,900,-112.99913,28.836598
460,2004,0.00805814,4. S.P. Martir,Isla S.P. Martir,2196.998926,1701.564756,2876.088745,5,2017,4000,3500,-112.308375,28.381027
508,2004,0.00805814,3. S.P. Nolasco,Isla S.P. Nolasco,1327.556804,1026.254497,1743.366997,8,2017,2250,1950,-111.378241,27.966011
412,2004,0.00805814,5. San Esteban,Isla San Esteban,9255.199384,7169.408166,12101.82699,5,2017,12500,11000,-112.577367,28.701134
76,2004,0.00805814,13. San Jorge,Isla San Jorge,7641.584419,5920.251992,9995.403036,8,2017,12500,11000,-113.244203,31.012669
221,2005,0.00905814,10. Cantiles,Isla Cantiles,1186.983934,915.5884493,1553.127238,6,2017,3800,3300,-113.444638,29.503114
29,2005,0.00905814,12. Consag,Isla Consag,1005.0696,768.6942771,1323.146155,3,2017,1525,1375,-114.464047,31.106819
557,2005,0.00905814,2. Farallon,Isla Farallon,572.5868283,433.4581831,762.9302276,5,2017,1200,1050,-109.377865,25.43687
173,2005,0.00905814,9. Granito,Isla Granito,1925.60696,1487.940705,2520.604318,5,2017,3250,2850,-113.539447,29.564582
125,2005,0.00905814,11. Lobos,Isla Lobos,3341.996429,2577.889171,4378.082786,3,2017,7000,6200,-114.488932,30.051106
605,2005,0.00905814,1. Los Islotes,Los Islotes,730.1907514,563.1022248,956.5709203,24,1987,1000,890,-110.402151,24.598754
269,2005,0.00905814,8. Machos,Isla Machos,1387.411395,1073.158031,1818.550301,5,2017,3100,2750,-113.502043,29.29563
317,2005,0.00905814,7. Partido,Isla Partido,942.8575535,726.2353906,1239.927562,4,2017,2100,1750,-113.043436,28.911436
365,2005,0.00905814,6. Rasito,Isla Rasito,576.8397874,442.0601447,759.6381677,5,2017,1000,900,-112.99913,28.836598
461,2005,0.00905814,4. S.P. Martir,Isla S.P. Martir,2110.689104,1634.939846,2762.912229,5,2017,4000,3500,-112.308375,28.381027
509,2005,0.00905814,3. S.P. Nolasco,Isla S.P. Nolasco,1279.393206,989.2095625,1681.322773,8,2017,2250,1950,-111.378241,27.966011
413,2005,0.00905814,5. San Esteban,Isla San Esteban,9026.033595,6993.702488,11804.635,5,2017,12500,11000,-112.577367,28.701134
77,2005,0.00905814,13. San Jorge,Isla San Jorge,7237.496944,5604.930302,9463.057476,8,2017,12500,11000,-113.244203,31.012669
222,2006,0.01005814,10. Cantiles,Isla Cantiles,1123.667701,867.1668461,1470.44266,6,2017,3800,3300,-113.444638,29.503114
30,2006,0.01005814,12. Consag,Isla Consag,961.2323829,736.0655712,1263.98802,3,2017,1525,1375,-114.464047,31.106819
558,2006,0.01005814,2. Farallon,Isla Farallon,559.0089043,424.0057623,743.9240564,5,2017,1200,1050,-109.377865,25.43687
174,2006,0.01005814,9. Granito,Isla Granito,1842.294945,1423.004586,2413.278637,5,2017,3250,2850,-113.539447,29.564582
126,2006,0.01005814,11. Lobos,Isla Lobos,3145.96927,2426.175583,4123.100413,3,2017,7000,6200,-114.488932,30.051106
606,2006,0.01005814,1. Los Islotes,Los Islotes,743.6982067,573.3881316,973.992759,24,1987,1000,890,-110.402151,24.598754
270,2006,0.01005814,8. Machos,Isla Machos,1332.780334,1030.280378,1745.388847,5,2017,3100,2750,-113.502043,29.29563
318,2006,0.01005814,7. Partido,Isla Partido,898.2120229,691.2450229,1180.580277,4,2017,2100,1750,-113.043436,28.911436
366,2006,0.01005814,6. Rasito,Isla Rasito,552.0670403,422.9565064,727.4082211,5,2017,1000,900,-112.99913,28.836598
462,2006,0.01005814,4. S.P. Martir,Isla S.P. Martir,2024.471822,1567.384261,2649.395792,5,2017,4000,3500,-112.308375,28.381027
510,2006,0.01005814,3. S.P. Nolasco,Isla S.P. Nolasco,1230.502219,951.8365193,1618.449953,8,2017,2250,1950,-111.378241,27.966011
414,2006,0.01005814,5. San Esteban,Isla San Esteban,8777.864652,6801.124284,11479.74961,5,2017,12500,11000,-112.577367,28.701134
78,2006,0.01005814,13. San Jorge,Isla San Jorge,6819.681212,5280.12009,8924.645328,8,2017,12500,11000,-113.244203,31.012669
223,2007,0.01105814,10. Cantiles,Isla Cantiles,1062.279367,819.2404646,1390.149297,6,2017,3800,3300,-113.444638,29.503114
31,2007,0.01105814,12. Consag,Isla Consag,915.1998066,701.2381254,1203.475515,3,2017,1525,1375,-114.464047,31.106819
559,2007,0.01105814,2. Farallon,Isla Farallon,546.050591,414.7300794,725.1619426,5,2017,1200,1050,-109.377865,25.43687
175,2007,0.01105814,9. Granito,Isla Granito,1758.11521,1357.886529,2303.653174,5,2017,3250,2850,-113.539447,29.564582
127,2007,0.01105814,11. Lobos,Isla Lobos,2951.531466,2278.098449,3869.593112,3,2017,7000,6200,-114.488932,30.051106
607,2007,0.01105814,1. Los Islotes,Los Islotes,756.2130288,583.2363167,989.9982857,24,1987,1000,890,-110.402151,24.598754
271,2007,0.01105814,8. Machos,Isla Machos,1278.369426,988.0022838,1674.785033,5,2017,3100,2750,-113.502043,29.29563
319,2007,0.01105814,7. Partido,Isla Partido,853.8413869,656.4938347,1123.439363,4,2017,2100,1750,-113.043436,28.911436
367,2007,0.01105814,6. Rasito,Isla Rasito,526.9529426,402.8609749,694.5673708,5,2017,1000,900,-112.99913,28.836598
463,2007,0.01105814,4. S.P. Martir,Isla S.P. Martir,1938.346502,1498.939356,2535.38961,5,2017,4000,3500,-112.308375,28.381027
511,2007,0.01105814,3. S.P. Nolasco,Isla S.P. Nolasco,1181.442654,913.190575,1555.520676,8,2017,2250,1950,-111.378241,27.966011
415,2007,0.01105814,5. San Esteban,Isla San Esteban,8514.855565,6595.974071,11136.11435,5,2017,12500,11000,-112.577367,28.701134
79,2007,0.01105814,13. San Jorge,Isla San Jorge,6394.881293,4952.1384,8375.609565,8,2017,12500,11000,-113.244203,31.012669
224,2008,0.01205814,10. Cantiles,Isla Cantiles,1002.878585,773.459213,1313.872285,6,2017,3800,3300,-113.444638,29.503114
32,2008,0.01205814,12. Consag,Isla Consag,868.0517173,665.1356999,1142.299426,3,2017,1525,1375,-114.464047,31.106819
560,2008,0.01205814,2. Farallon,Isla Farallon,533.6749347,404.9491207,707.6895071,5,2017,1200,1050,-109.377865,25.43687
176,2008,0.01205814,9. Granito,Isla Granito,1673.137921,1291.516265,2193.687531,5,2017,3250,2850,-113.539447,29.564582
128,2008,0.01205814,11. Lobos,Isla Lobos,2762.355277,2132.702778,3619.031532,3,2017,7000,6200,-114.488932,30.051106
608,2008,0.01205814,1. Los Islotes,Los Islotes,767.838689,592.619957,1004.944701,24,1987,1000,890,-110.402151,24.598754
272,2008,0.01205814,8. Machos,Isla Machos,1224.636552,945.6814694,1605.979198,5,2017,3100,2750,-113.502043,29.29563
320,2008,0.01205814,7. Partido,Isla Partido,810.5000209,622.4643555,1067.36765,4,2017,2100,1750,-113.043436,28.911436
368,2008,0.01205814,6. Rasito,Isla Rasito,501.4327249,383.2474563,661.722501,5,2017,1000,900,-112.99913,28.836598
464,2008,0.01205814,4. S.P. Martir,Isla S.P. Martir,1851.49089,1430.945292,2421.91662,5,2017,4000,3500,-112.308375,28.381027
512,2008,0.01205814,3. S.P. Nolasco,Isla S.P. Nolasco,1131.684542,874.3421622,1490.977972,8,2017,2250,1950,-111.378241,27.966011
416,2008,0.01205814,5. San Esteban,Isla San Esteban,8236.259108,6376.218196,10770.15659,5,2017,12500,11000,-112.577367,28.701134
80,2008,0.01205814,13. San Jorge,Isla San Jorge,5967.519729,4624.932273,7815.2974,8,2017,12500,11000,-113.244203,31.012669
225,2009,0.01305814,10. Cantiles,Isla Cantiles,945.7078709,728.8126629,1241.217478,6,2017,3800,3300,-113.444638,29.503114
33,2009,0.01305814,12. Consag,Isla Consag,819.7488529,627.6575008,1080.037,3,2017,1525,1375,-114.464047,31.106819
561,2009,0.01305814,2. Farallon,Isla Farallon,520.69836,395.5513392,690.3510628,5,2017,1200,1050,-109.377865,25.43687
177,2009,0.01305814,9. Granito,Isla Granito,1587.456492,1224.89608,2084.115468,5,2017,3250,2850,-113.539447,29.564582
129,2009,0.01305814,11. Lobos,Isla Lobos,2576.560384,1988.804588,3377.783578,3,2017,7000,6200,-114.488932,30.051106
609,2009,0.01305814,1. Los Islotes,Los Islotes,778.7744686,601.228155,1018.981515,24,1987,1000,890,-110.402151,24.598754
273,2009,0.01305814,8. Machos,Isla Machos,1172.10061,904.8185419,1539.560215,5,2017,3100,2750,-113.502043,29.29563
321,2009,0.01305814,7. Partido,Isla Partido,768.3320324,589.2004668,1012.074807,4,2017,2100,1750,-113.043436,28.911436
369,2009,0.01305814,6. Rasito,Isla Rasito,475.7283538,363.4309998,628.9997379,5,2017,1000,900,-112.99913,28.836598
465,2009,0.01305814,4. S.P. Martir,Isla S.P. Martir,1765.495887,1362.368884,2311.05783,5,2017,4000,3500,-112.308375,28.381027
513,2009,0.01305814,3. S.P. Nolasco,Isla S.P. Nolasco,1082.235912,835.6594041,1427.047498,8,2017,2250,1950,-111.378241,27.966011
417,2009,0.01305814,5. San Esteban,Isla San Esteban,7945.597057,6153.508909,10387.8146,5,2017,12500,11000,-112.577367,28.701134
81,2009,0.01305814,13. San Jorge,Isla San Jorge,5543.095508,4296.272825,7264.019953,8,2017,12500,11000,-113.244203,31.012669
226,2010,0.01405814,10. Cantiles,Isla Cantiles,891.0201116,686.1302009,1171.224148,6,2017,3800,3300,-113.444638,29.503114
34,2010,0.01405814,12. Consag,Isla Consag,771.3616893,589.755969,1016.203099,3,2017,1525,1375,-114.464047,31.106819
562,2010,0.01405814,2. Farallon,Isla Farallon,508.3432339,386.6738506,673.3099072,5,2017,1200,1050,-109.377865,25.43687
178,2010,0.01405814,9. Granito,Isla Granito,1502.083683,1158.725724,1975.628212,5,2017,3250,2850,-113.539447,29.564582
130,2010,0.01405814,11. Lobos,Isla Lobos,2396.799781,1851.524435,3140.793753,3,2017,7000,6200,-114.488932,30.051106
610,2010,0.01405814,1. Los Islotes,Los Islotes,788.673727,609.252367,1032.264653,24,1987,1000,890,-110.402151,24.598754
274,2010,0.01405814,8. Machos,Isla Machos,1120.806411,864.658353,1473.757888,5,2017,3100,2750,-113.502043,29.29563
322,2010,0.01405814,7. Partido,Isla Partido,727.0647307,556.6904834,959.5845435,4,2017,2100,1750,-113.043436,28.911436
370,2010,0.01405814,6. Rasito,Isla Rasito,450.3719005,342.8018728,596.7821334,5,2017,1000,900,-112.99913,28.836598
466,2010,0.01405814,4. S.P. Martir,Isla S.P. Martir,1680.327693,1295.4145,2201.599599,5,2017,4000,3500,-112.308375,28.381027
514,2010,0.01405814,3. S.P. Nolasco,Isla S.P. Nolasco,1032.972813,796.0857506,1363.874619,8,2017,2250,1950,-111.378241,27.966011
418,2010,0.01405814,5. San Esteban,Isla San Esteban,7642.557637,5918.254761,9997.291796,5,2017,12500,11000,-112.577367,28.701134
82,2010,0.01405814,13. San Jorge,Isla San Jorge,5125.856557,3971.655663,6719.108435,8,2017,12500,11000,-113.244203,31.012669
227,2011,0.01505814,10. Cantiles,Isla Cantiles,838.2166626,644.9420067,1103.726579,6,2017,3800,3300,-113.444638,29.503114
35,2011,0.01505814,12. Consag,Isla Consag,722.9705688,551.1184153,953.3979671,3,2017,1525,1375,-114.464047,31.106819
563,2011,0.01505814,2. Farallon,Isla Farallon,495.898336,376.8722886,658.2349516,5,2017,1200,1050,-109.377865,25.43687
179,2011,0.01505814,9. Granito,Isla Granito,1417.901032,1093.389123,1866.611657,5,2017,3250,2850,-113.539447,29.564582
131,2011,0.01505814,11. Lobos,Isla Lobos,2224.08904,1716.33195,2917.286893,3,2017,7000,6200,-114.488932,30.051106
611,2011,0.01505814,1. Los Islotes,Los Islotes,797.5171113,616.7912552,1044.354742,24,1987,1000,890,-110.402151,24.598754
275,2011,0.01505814,8. Machos,Isla Machos,1070.837997,825.0728209,1407.81392,5,2017,3100,2750,-113.502043,29.29563
323,2011,0.01505814,7. Partido,Isla Partido,686.7643457,524.3169552,907.6469778,4,2017,2100,1750,-113.043436,28.911436
371,2011,0.01505814,6. Rasito,Isla Rasito,424.8312514,322.4770345,564.4228423,5,2017,1000,900,-112.99913,28.836598
467,2011,0.01505814,4. S.P. Martir,Isla S.P. Martir,1595.345021,1228.610949,2094.979491,5,2017,4000,3500,-112.308375,28.381027
515,2011,0.01505814,3. S.P. Nolasco,Isla S.P. Nolasco,983.6621286,756.7016153,1300.716936,8,2017,2250,1950,-111.378241,27.966011
419,2011,0.01505814,5. San Esteban,Isla San Esteban,7332.197735,5681.507951,9591.078695,5,2017,12500,11000,-112.577367,28.701134
83,2011,0.01505814,13. San Jorge,Isla San Jorge,4716.033644,3651.242784,6182.840291,8,2017,12500,11000,-113.244203,31.012669
228,2012,0.01605814,10. Cantiles,Isla Cantiles,787.3274189,604.6867672,1039.779951,6,2017,3800,3300,-113.444638,29.503114
36,2012,0.01605814,12. Consag,Isla Consag,674.783515,513.7266683,891.8643367,3,2017,1525,1375,-114.464047,31.106819
564,2012,0.01605814,2. Farallon,Isla Farallon,484.1265697,366.7044664,644.26901,5,2017,1200,1050,-109.377865,25.43687
180,2012,0.01605814,9. Granito,Isla Granito,1334.713421,1027.725157,1756.81571,5,2017,3250,2850,-113.539447,29.564582
132,2012,0.01605814,11. Lobos,Isla Lobos,2057.427839,1588.077851,2700.198389,3,2017,7000,6200,-114.488932,30.051106
612,2012,0.01605814,1. Los Islotes,Los Islotes,805.9607876,623.7126567,1054.541402,24,1987,1000,890,-110.402151,24.598754
276,2012,0.01605814,8. Machos,Isla Machos,1021.601901,786.0581776,1345.195667,5,2017,3100,2750,-113.502043,29.29563
324,2012,0.01605814,7. Partido,Isla Partido,647.4175988,493.3969846,857.0748629,4,2017,2100,1750,-113.043436,28.911436
372,2012,0.01605814,6. Rasito,Isla Rasito,399.9908275,302.6078683,532.8399393,5,2017,1000,900,-112.99913,28.836598
468,2012,0.01605814,4. S.P. Martir,Isla S.P. Martir,1512.801377,1164.353381,1987.862878,5,2017,4000,3500,-112.308375,28.381027
516,2012,0.01605814,3. S.P. Nolasco,Isla S.P. Nolasco,935.30836,717.6257264,1238.237147,8,2017,2250,1950,-111.378241,27.966011
420,2012,0.01605814,5. San Esteban,Isla San Esteban,7018.305779,5435.956198,9184.941935,5,2017,12500,11000,-112.577367,28.701134
84,2012,0.01605814,13. San Jorge,Isla San Jorge,4319.217598,3342.832241,5661.895893,8,2017,12500,11000,-113.244203,31.012669
229,2013,0.01705814,10. Cantiles,Isla Cantiles,738.5772998,565.9673176,976.2437173,6,2017,3800,3300,-113.444638,29.503114
37,2013,0.01705814,12. Consag,Isla Consag,627.2251212,476.1872141,831.5727683,3,2017,1525,1375,-114.464047,31.106819
565,2013,0.01705814,2. Farallon,Isla Farallon,472.5351541,356.7407625,629.9742426,5,2017,1200,1050,-109.377865,25.43687
181,2013,0.01705814,9. Granito,Isla Granito,1252.887647,964.2311927,1652.306413,5,2017,3250,2850,-113.539447,29.564582
133,2013,0.01705814,11. Lobos,Isla Lobos,1897.42337,1463.345012,2490.173723,3,2017,7000,6200,-114.488932,30.051106
613,2013,0.01705814,1. Los Islotes,Los Islotes,813.1846978,629.604118,1063.492087,24,1987,1000,890,-110.402151,24.598754
277,2013,0.01705814,8. Machos,Isla Machos,973.3378672,748.1265959,1283.461065,5,2017,3100,2750,-113.502043,29.29563
325,2013,0.01705814,7. Partido,Isla Partido,609.1224983,462.7162005,808.7610764,4,2017,2100,1750,-113.043436,28.911436
373,2013,0.01705814,6. Rasito,Isla Rasito,375.4106674,283.1862547,502.1100788,5,2017,1000,900,-112.99913,28.836598
469,2013,0.01705814,4. S.P. Martir,Isla S.P. Martir,1430.345371,1100.395571,1881.861115,5,2017,4000,3500,-112.308375,28.381027
517,2013,0.01705814,3. S.P. Nolasco,Isla S.P. Nolasco,886.9394915,678.7143441,1176.762023,8,2017,2250,1950,-111.378241,27.966011
421,2013,0.01705814,5. San Esteban,Isla San Esteban,6700.601582,5186.88895,8772.653108,5,2017,12500,11000,-112.577367,28.701134
85,2013,0.01705814,13. San Jorge,Isla San Jorge,3935.938726,3046.21607,5161.961193,8,2017,12500,11000,-113.244203,31.012669
230,2014,0.01805814,10. Cantiles,Isla Cantiles,691.9515795,528.8899977,917.4687556,6,2017,3800,3300,-113.444638,29.503114
38,2014,0.01805814,12. Consag,Isla Consag,580.5887349,438.6108763,772.7536013,3,2017,1525,1375,-114.464047,31.106819
566,2014,0.01805814,2. Farallon,Isla Farallon,461.2271331,346.7884782,618.4267137,5,2017,1200,1050,-109.377865,25.43687
182,2014,0.01805814,9. Granito,Isla Granito,1172.267001,901.4409179,1551.054746,5,2017,3250,2850,-113.539447,29.564582
134,2014,0.01805814,11. Lobos,Isla Lobos,1745.286921,1343.619342,2291.758282,3,2017,7000,6200,-114.488932,30.051106
614,2014,0.01805814,1. Los Islotes,Los Islotes,819.1643792,634.2954231,1072.407719,24,1987,1000,890,-110.402151,24.598754
278,2014,0.01805814,8. Machos,Isla Machos,926.497365,710.9010155,1223.320881,5,2017,3100,2750,-113.502043,29.29563
326,2014,0.01805814,7. Partido,Isla Partido,572.1258034,433.1261072,762.1849693,4,2017,2100,1750,-113.043436,28.911436
374,2014,0.01805814,6. Rasito,Isla Rasito,351.4217507,264.0467214,472.212373,5,2017,1000,900,-112.99913,28.836598
470,2014,0.01805814,4. S.P. Martir,Isla S.P. Martir,1349.485482,1037.881713,1777.970675,5,2017,4000,3500,-112.308375,28.381027
518,2014,0.01805814,3. S.P. Nolasco,Isla S.P. Nolasco,839.5846089,641.2240823,1116.867011,8,2017,2250,1950,-111.378241,27.966011
422,2014,0.01805814,5. San Esteban,Isla San Esteban,6379.830793,4935.808473,8354.044111,5,2017,12500,11000,-112.577367,28.701134
86,2014,0.01805814,13. San Jorge,Isla San Jorge,3569.638265,2760.784928,4683.212852,8,2017,12500,11000,-113.244203,31.012669
231,2015,0.01905814,10. Cantiles,Isla Cantiles,647.7612753,493.9463589,861.3601217,6,2017,3800,3300,-113.444638,29.503114
39,2015,0.01905814,12. Consag,Isla Consag,535.1899845,402.7016803,715.7124533,3,2017,1525,1375,-114.464047,31.106819
567,2015,0.01905814,2. Farallon,Isla Farallon,450.2504467,336.961216,607.2659787,5,2017,1200,1050,-109.377865,25.43687
183,2015,0.01905814,9. Granito,Isla Granito,1095.016659,839.8138886,1450.650735,5,2017,3250,2850,-113.539447,29.564582
135,2015,0.01905814,11. Lobos,Isla Lobos,1600.367861,1229.403974,2103.917822,3,2017,7000,6200,-114.488932,30.051106
615,2015,0.01905814,1. Los Islotes,Los Islotes,824.4888922,637.9271431,1079.617473,24,1987,1000,890,-110.402151,24.598754
279,2015,0.01905814,8. Machos,Isla Machos,880.8981665,674.7313917,1166.555146,5,2017,3100,2750,-113.502043,29.29563
327,2015,0.01905814,7. Partido,Isla Partido,536.566025,405.0584571,717.0883106,4,2017,2100,1750,-113.043436,28.911436
375,2015,0.01905814,6. Rasito,Isla Rasito,328.0665276,245.174781,442.9192421,5,2017,1000,900,-112.99913,28.836598
471,2015,0.01905814,4. S.P. Martir,Isla S.P. Martir,1271.820324,976.4853655,1678.556869,5,2017,4000,3500,-112.308375,28.381027
519,2015,0.01905814,3. S.P. Nolasco,Isla S.P. Nolasco,793.1935908,604.2353087,1057.30001,8,2017,2250,1950,-111.378241,27.966011
423,2015,0.01905814,5. San Esteban,Isla San Esteban,6059.386677,4685.001497,7939.739741,5,2017,12500,11000,-112.577367,28.701134
87,2015,0.01905814,13. San Jorge,Isla San Jorge,3222.610696,2490.097081,4227.575643,8,2017,12500,11000,-113.244203,31.012669
232,2016,0.02005814,10. Cantiles,Isla Cantiles,605.5865697,460.1910023,806.9832935,6,2017,3800,3300,-113.444638,29.503114
40,2016,0.02005814,12. Consag,Isla Consag,491.689801,367.7340027,661.6999852,3,2017,1525,1375,-114.464047,31.106819
568,2016,0.02005814,2. Farallon,Isla Farallon,438.9177063,326.6648982,596.8318194,5,2017,1200,1050,-109.377865,25.43687
184,2016,0.02005814,9. Granito,Isla Granito,1020.253925,780.8791406,1354.036514,5,2017,3250,2850,-113.539447,29.564582
136,2016,0.02005814,11. Lobos,Isla Lobos,1462.161509,1121.165798,1927.140626,3,2017,7000,6200,-114.488932,30.051106
616,2016,0.02005814,1. Los Islotes,Los Islotes,828.7353102,640.5342727,1086.368008,24,1987,1000,890,-110.402151,24.598754
280,2016,0.02005814,8. Machos,Isla Machos,836.6709197,639.4102543,1111.79117,5,2017,3100,2750,-113.502043,29.29563
328,2016,0.02005814,7. Partido,Isla Partido,502.4375269,377.3082732,674.6259151,4,2017,2100,1750,-113.043436,28.911436
376,2016,0.02005814,6. Rasito,Isla Rasito,305.3291342,226.9375772,415.0338191,5,2017,1000,900,-112.99913,28.836598
472,2016,0.02005814,4. S.P. Martir,Isla S.P. Martir,1196.333801,916.3563903,1581.803189,5,2017,4000,3500,-112.308375,28.381027
520,2016,0.02005814,3. S.P. Nolasco,Isla S.P. Nolasco,748.0672844,568.206754,999.4682027,8,2017,2250,1950,-111.378241,27.966011
424,2016,0.02005814,5. San Esteban,Isla San Esteban,5739.647708,4434.520685,7521.395046,5,2017,12500,11000,-112.577367,28.701134
88,2016,0.02005814,13. San Jorge,Isla San Jorge,2895.071743,2236.577321,3798.989949,8,2017,12500,11000,-113.244203,31.012669
233,2017,0.02105814,10. Cantiles,Isla Cantiles,565.1127719,427.9197995,755.4869805,6,2017,3800,3300,-113.444638,29.503114
41,2017,0.02105814,12. Consag,Isla Consag,449.5255127,333.7540697,608.7644364,3,2017,1525,1375,-114.464047,31.106819
569,2017,0.02105814,2. Farallon,Isla Farallon,428.4447762,315.8704905,587.7472328,5,2017,1200,1050,-109.377865,25.43687
185,2017,0.02105814,9. Granito,Isla Granito,947.3362027,723.2211567,1259.131683,5,2017,3250,2850,-113.539447,29.564582
137,2017,0.02105814,11. Lobos,Isla Lobos,1332.398999,1018.136847,1759.799161,3,2017,7000,6200,-114.488932,30.051106
617,2017,0.02105814,1. Los Islotes,Los Islotes,831.9239165,642.511197,1090.577124,24,1987,1000,890,-110.402151,24.598754
281,2017,0.02105814,8. Machos,Isla Machos,793.5489547,604.6739932,1058.163472,5,2017,3100,2750,-113.502043,29.29563
329,2017,0.02105814,7. Partido,Isla Partido,469.5182123,350.5862511,633.4933329,4,2017,2100,1750,-113.043436,28.911436
377,2017,0.02105814,6. Rasito,Isla Rasito,283.486772,209.2585753,388.4599005,5,2017,1000,900,-112.99913,28.836598
473,2017,0.02105814,4. S.P. Martir,Isla S.P. Martir,1122.77192,858.005974,1487.4673,5,2017,4000,3500,-112.308375,28.381027
521,2017,0.02105814,3. S.P. Nolasco,Isla S.P. Nolasco,704.5591202,532.9252662,944.1739737,8,2017,2250,1950,-111.378241,27.966011
425,2017,0.02105814,5. San Esteban,Isla San Esteban,5421.090471,4187.064818,7107.758707,5,2017,12500,11000,-112.577367,28.701134
89,2017,0.02105814,13. San Jorge,Isla San Jorge,2587.788293,1997.887048,3397.647998,8,2017,12500,11000,-113.244203,31.012669
234,2018,0.02205814,10. Cantiles,Isla Cantiles,526.9598383,396.8700458,706.3348404,6,2017,3800,3300,-113.444638,29.503114
42,2018,0.02205814,12. Consag,Isla Consag,409.4607913,301.1504858,558.3365231,3,2017,1525,1375,-114.464047,31.106819
570,2018,0.02205814,2. Farallon,Isla Farallon,418.0510364,305.6258359,579.4785026,5,2017,1200,1050,-109.377865,25.43687
186,2018,0.02205814,9. Granito,Isla Granito,878.0332678,667.9085577,1169.29977,5,2017,3250,2850,-113.539447,29.564582
138,2018,0.02205814,11. Lobos,Isla Lobos,1210.241144,921.8995661,1603.317331,3,2017,7000,6200,-114.488932,30.051106
618,2018,0.02205814,1. Los Islotes,Los Islotes,833.591246,643.6427084,1093.862136,24,1987,1000,890,-110.402151,24.598754
282,2018,0.02205814,8. Machos,Isla Machos,752.2384189,571.085657,1004.939841,5,2017,3100,2750,-113.502043,29.29563
330,2018,0.02205814,7. Partido,Isla Partido,438.1352073,324.95297,593.0794269,4,2017,2100,1750,-113.043436,28.911436
378,2018,0.02205814,6. Rasito,Isla Rasito,262.6508912,192.3345723,362.2494825,5,2017,1000,900,-112.99913,28.836598
474,2018,0.02205814,4. S.P. Martir,Isla S.P. Martir,1051.519642,801.9065163,1396.111863,5,2017,4000,3500,-112.308375,28.381027
522,2018,0.02205814,3. S.P. Nolasco,Isla S.P. Nolasco,661.9536438,498.4293777,889.8583792,8,2017,2250,1950,-111.378241,27.966011
426,2018,0.02205814,5. San Esteban,Isla San Esteban,5106.743251,3941.476122,6698.660021,5,2017,12500,11000,-112.577367,28.701134
90,2018,0.02205814,13. San Jorge,Isla San Jorge,2301.892145,1776.998545,3026.880145,8,2017,12500,11000,-113.244203,31.012669
235,2019,0.02305814,10. Cantiles,Isla Cantiles,490.6168672,367.5536683,660.5998466,6,2017,3800,3300,-113.444638,29.503114
43,2019,0.02305814,12. Consag,Isla Consag,371.486562,271.005011,510.8027322,3,2017,1525,1375,-114.464047,31.106819
571,2019,0.02305814,2. Farallon,Isla Farallon,407.9240103,294.4777171,572.0541376,5,2017,1200,1050,-109.377865,25.43687
187,2019,0.02305814,9. Granito,Isla Granito,811.4754042,615.2924018,1084.742863,5,2017,3250,2850,-113.539447,29.564582
139,2019,0.02305814,11. Lobos,Isla Lobos,1096.249593,831.1861186,1457.950859,3,2017,7000,6200,-114.488932,30.051106
619,2019,0.02305814,1. Los Islotes,Los Islotes,834.2747629,642.7841799,1097.635204,24,1987,1000,890,-110.402151,24.598754
283,2019,0.02305814,8. Machos,Isla Machos,711.7928915,538.1562682,954.3676865,5,2017,3100,2750,-113.502043,29.29563
331,2019,0.02305814,7. Partido,Isla Partido,407.9245026,300.6219467,554.7470001,4,2017,2100,1750,-113.043436,28.911436
379,2019,0.02305814,6. Rasito,Isla Rasito,242.3856392,176.2648169,337.0085449,5,2017,1000,900,-112.99913,28.836598
475,2019,0.02305814,4. S.P. Martir,Isla S.P. Martir,983.2913582,747.3361083,1308.824288,5,2017,4000,3500,-112.308375,28.381027
523,2019,0.02305814,3. S.P. Nolasco,Isla S.P. Nolasco,620.6730286,465.5692682,838.0962014,8,2017,2250,1950,-111.378241,27.966011
427,2019,0.02305814,5. San Esteban,Isla San Esteban,4797.640506,3700.24289,6293.83037,5,2017,12500,11000,-112.577367,28.701134
91,2019,0.02305814,13. San Jorge,Isla San Jorge,2038.544719,1571.040506,2683.840247,8,2017,12500,11000,-113.244203,31.012669
236,2020,0.02405814,10. Cantiles,Isla Cantiles,456.3949956,339.8725923,617.4026016,6,2017,3800,3300,-113.444638,29.503114
44,2020,0.02405814,12. Consag,Isla Consag,335.8210424,242.752061,466.3768167,3,2017,1525,1375,-114.464047,31.106819
572,2020,0.02405814,2. Farallon,Isla Farallon,398.4589578,283.1287541,565.6495652,5,2017,1200,1050,-109.377865,25.43687
188,2020,0.02405814,9. Granito,Isla Granito,747.4480359,564.8144256,1003.301475,5,2017,3250,2850,-113.539447,29.564582
140,2020,0.02405814,11. Lobos,Isla Lobos,989.7429335,746.5461894,1323.444375,3,2017,7000,6200,-114.488932,30.051106
620,2020,0.02405814,1. Los Islotes,Los Islotes,834.1245092,641.0703495,1098.578513,24,1987,1000,890,-110.402151,24.598754
284,2020,0.02405814,8. Machos,Isla Machos,672.7493014,507.0670441,906.011045,5,2017,3100,2750,-113.502043,29.29563
332,2020,0.02405814,7. Partido,Isla Partido,379.1651027,277.760266,519.2668979,4,2017,2100,1750,-113.043436,28.911436
380,2020,0.02405814,6. Rasito,Isla Rasito,223.2265361,160.7268639,313.2239654,5,2017,1000,900,-112.99913,28.836598
476,2020,0.02405814,4. S.P. Martir,Isla S.P. Martir,917.4741051,695.3289602,1224.650747,5,2017,4000,3500,-112.308375,28.381027
524,2020,0.02405814,3. S.P. Nolasco,Isla S.P. Nolasco,581.090223,433.2976469,787.176468,8,2017,2250,1950,-111.378241,27.966011
428,2020,0.02405814,5. San Esteban,Isla San Esteban,4495.462106,3464.958486,5902.46166,5,2017,12500,11000,-112.577367,28.701134
92,2020,0.02405814,13. San Jorge,Isla San Jorge,1795.655171,1381.81627,2368.666495,8,2017,12500,11000,-113.244203,31.012669
237,2021,0.02505814,10. Cantiles,Isla Cantiles,423.7892908,313.8616136,576.7579117,6,2017,3800,3300,-113.444638,29.503114
45,2021,0.02505814,12. Consag,Isla Consag,302.2406967,216.3793119,424.2753333,3,2017,1525,1375,-114.464047,31.106819
573,2021,0.02505814,2. Farallon,Isla Farallon,388.588446,271.877277,560.1059591,5,2017,1200,1050,-109.377865,25.43687
189,2021,0.02505814,9. Granito,Isla Granito,687.0349629,516.0301133,926.2911817,5,2017,3250,2850,-113.539447,29.564582
141,2021,0.02505814,11. Lobos,Isla Lobos,891.6225145,668.3015933,1198.857582,3,2017,7000,6200,-114.488932,30.051106
621,2021,0.02505814,1. Los Islotes,Los Islotes,833.0556383,638.1323683,1099.2757,24,1987,1000,890,-110.402151,24.598754
285,2021,0.02505814,8. Machos,Isla Machos,635.3388407,476.7789606,859.3589627,5,2017,3100,2750,-113.502043,29.29563
333,2021,0.02505814,7. Partido,Isla Partido,352.0654002,255.698394,485.6636946,4,2017,2100,1750,-113.043436,28.911436
381,2021,0.02505814,6. Rasito,Isla Rasito,205.0721116,146.0215747,290.7445718,5,2017,1000,900,-112.99913,28.836598
477,2021,0.02505814,4. S.P. Martir,Isla S.P. Martir,854.5305782,645.2122284,1145.134108,5,2017,4000,3500,-112.308375,28.381027
525,2021,0.02505814,3. S.P. Nolasco,Isla S.P. Nolasco,542.6447725,402.7171811,738.7488858,8,2017,2250,1950,-111.378241,27.966011
429,2021,0.02505814,5. San Esteban,Isla San Esteban,4200.747483,3234.268986,5519.960649,5,2017,12500,11000,-112.577367,28.701134
93,2021,0.02505814,13. San Jorge,Isla San Jorge,1574.997259,1208.500851,2082.847472,8,2017,12500,11000,-113.244203,31.012669
238,2022,0.02605814,10. Cantiles,Isla Cantiles,392.9959363,289.2767901,537.8017301,6,2017,3800,3300,-113.444638,29.503114
46,2022,0.02605814,12. Consag,Isla Consag,270.7445709,191.5054675,384.6601634,3,2017,1525,1375,-114.464047,31.106819
574,2022,0.02605814,2. Farallon,Isla Farallon,379.1788493,260.7594819,554.0271671,5,2017,1200,1050,-109.377865,25.43687
190,2022,0.02605814,9. Granito,Isla Granito,629.1978466,470.6370108,852.6260864,5,2017,3250,2850,-113.539447,29.564582
142,2022,0.02605814,11. Lobos,Isla Lobos,800.1030571,595.8191602,1084.130498,3,2017,7000,6200,-114.488932,30.051106
622,2022,0.02605814,1. Los Islotes,Los Islotes,829.9062433,633.5096139,1099.530414,24,1987,1000,890,-110.402151,24.598754
286,2022,0.02605814,8. Machos,Isla Machos,598.9212964,446.8742818,814.6595613,5,2017,3100,2750,-113.502043,29.29563
334,2022,0.02605814,7. Partido,Isla Partido,326.1691315,235.0021727,453.3983924,4,2017,2100,1750,-113.043436,28.911436
382,2022,0.02605814,6. Rasito,Isla Rasito,187.8217414,132.1774215,269.4433601,5,2017,1000,900,-112.99913,28.836598
478,2022,0.02605814,4. S.P. Martir,Isla S.P. Martir,794.6111728,597.3485291,1068.155617,5,2017,4000,3500,-112.308375,28.381027
526,2022,0.02605814,3. S.P. Nolasco,Isla S.P. Nolasco,505.6994429,373.3044003,692.1545881,8,2017,2250,1950,-111.378241,27.966011
430,2022,0.02605814,5. San Esteban,Isla San Esteban,3914.760199,3010.019851,5149.509736,5,2017,12500,11000,-112.577367,28.701134
94,2022,0.02605814,13. San Jorge,Isla San Jorge,1375.102694,1053.33642,1821.012855,8,2017,12500,11000,-113.244203,31.012669
239,2023,0.02705814,10. Cantiles,Isla Cantiles,363.820066,265.8594248,501.6005647,6,2017,3800,3300,-113.444638,29.503114
47,2023,0.02705814,12. Consag,Isla Consag,241.4714075,168.7174097,347.2238085,3,2017,1525,1375,-114.464047,31.106819
575,2023,0.02705814,2. Farallon,Isla Farallon,370.0314491,250.0748226,550.7466175,5,2017,1200,1050,-109.377865,25.43687
191,2023,0.02705814,9. Granito,Isla Granito,575.31379,427.7542775,782.0579975,5,2017,3250,2850,-113.539447,29.564582
143,2023,0.02705814,11. Lobos,Isla Lobos,716.4240194,529.604958,977.2221583,3,2017,7000,6200,-114.488932,30.051106
623,2023,0.02705814,1. Los Islotes,Los Islotes,826.2770109,628.6528027,1097.694633,24,1987,1000,890,-110.402151,24.598754
287,2023,0.02705814,8. Machos,Isla Machos,564.2137744,418.9522552,772.2942638,5,2017,3100,2750,-113.502043,29.29563
335,2023,0.02705814,7. Partido,Isla Partido,301.680113,215.3991259,422.099129,4,2017,2100,1750,-113.043436,28.911436
383,2023,0.02705814,6. Rasito,Isla Rasito,171.5504315,119.2141368,248.7964854,5,2017,1000,900,-112.99913,28.836598
479,2023,0.02705814,4. S.P. Martir,Isla S.P. Martir,736.8051736,551.470749,995.4945107,5,2017,4000,3500,-112.308375,28.381027
527,2023,0.02705814,3. S.P. Nolasco,Isla S.P. Nolasco,470.2243035,345.4197283,647.2809811,8,2017,2250,1950,-111.378241,27.966011
431,2023,0.02705814,5. San Esteban,Isla San Esteban,3638.585759,2794.437673,4794.450726,5,2017,12500,11000,-112.577367,28.701134
95,2023,0.02705814,13. San Jorge,Isla San Jorge,1194.466104,912.5913159,1584.770752,8,2017,12500,11000,-113.244203,31.012669
